Name,Email,Phone,Address,Birthdate
345eb446a10ad128d5032872567b22dfd87cde1e002c507f44861b9eede8ccd2,vd****@example.com,(96-***-****,Beckerbury,1986
6afe05cca3b49233c7e4bab1a58f29f2f0f295e2f8c7d7c0f6bdedffecd8074d,ar****@example.org,(67-***-****,Burgessfort,1958
381f6ecd5d9d253b27a119307378276fcc83a6dce3aa0db8a995d09d74c6d867,il****@example.com,001-***-****,West Chelsea,1973
6a104eaa92c7a56f86fb28a36f6b7c4daa04980f64df49f024c5b65300a50d14,ma****@example.net,435-***-****,North Mia,1936
f9f5b1cf213c05013e0938aea9daf4a209965829d262bede48101c70eb046bde,ch****@example.com,(74-***-****,Port Tammy,1979
5ec870676796040993c47a955f503d60deff3ed2277717ecea7f8170c3d54d03,ch****@example.net,(22-***-****,Port Elizabeth,1943
c8aa2dd34773b3e6e631febf31be9e7a030c9e29acf004a9507c6759ad09175a,vd****@example.org,001-***-****,South Dustinberg,1999
677a39a0f6aea17c97fafe3a0b276848933c24313cd59cdc9f824d1b488a1335,qh****@example.org,001-***-****,Hernandezton,1948
2d05cc305bd511afaa4eaaefb1c8bce3221982c3bfac9984628894254de397c2,ca****@example.com,596-***-****,Kevinberg,2003
e54a3241bd25e893b128642a66892b6ef4addcda6b5466132612fdac14be1b7a,ro****@example.net,644-***-****,Fullerburgh,1963
50350b64baf55a0a62b46069b0ba55b7093e0c49a1b70c8768f1191a6e3e306f,ph****@example.net,+1--***-****,APO AE 77494,1944
a11753c9585351db7e48734fdaea45567305d049c14c7734bd3ffdfa4483b1b2,yl****@example.com,+1--***-****,Lewistown,1971
a818a5e3ebd15d602954c50d1f6c174df8fd967979902a48c3c47945b9529e8b,ws****@example.net,001-***-****,North Elizabethville,1987
a7f5e650a7c1bccf92e803de68aa8cb58be087ca1411b8278adcce880e5f3377,co****@example.org,736-***-****,Trevorburgh,1982
e0719bde5323c141312c82adbcb409847f73e0054aab1443359ac0b11378672e,wa****@example.com,+1--***-****,Stacyville,1961
c2d2ca29f1d5898ee241b31d767be9192e979e3a9b28546c8fd6dc364c9c2597,cw****@example.net,914-***-****,New Brittany,1945
02e7a34627604109249adb8108408aa5027c2162088bbc03d21d275ee0e856f5,di****@example.org,+1--***-****,Courtneyhaven,1943
f8b6ead5612a6e9cfb44a9358a3e1aba0208f350ab1a85e80d05ac77f9e6e86b,fl****@example.net,923-***-****,Michelleshire,1990
0799614b97cf9fb3b553a63020f55ece5d14e6ebf2ab6f2e51f2b07441038bef,th****@example.org,(26-***-****,Lake Brettville,1935
2ad8cdd06939b0d828f2d06a5ba85c8103bc139adaee3faffa226e97adb155ad,di****@example.net,684-***-****,Lake Debraburgh,1946
1bec22874422c6a6e2eb5951f56d8fd1a4dd93845ec01f1457b77564742fe4bb,bu****@example.org,+1--***-****,New Amyfort,1938
cf32c770f2046ea0d65f8d3f081cf8ac42a217ecc28d676e69dc1ebbaba0f5e2,an****@example.org,+1--***-****,Cynthiaview,1942
716316817f0d5e611bab5e622ef315fcbd2a11fe59313d436c45280dedb29e95,th****@example.net,(51-***-****,Hinesberg,1989
2b924b644cabe63c95a8775e1cd951402c842cd0e35bf0afc5e9779075cde710,cr****@example.com,(35-***-****,Huanghaven,2006
9839b6aa0e7cd9fbd825eb767056fed4e2367602233ddcdd021c8d6f081ccb12,je****@example.net,+1--***-****,East Kelly,1944
70c174af1f9698d6320c50e2fc0c5f476acb22fca0486411a6febcf1836e2047,gc****@example.net,373-***-****,Port Jonathan,2003
e97872c20eac4eae4eb1c8547be6afba63393da8663a4662c084bda35c70cac4,be****@example.org,484-***-****,Hillshire,1969
28e94979f3dcf2c30cf52d2297a1fc4513d3278974ece6bf452c8c7014a13271,ua****@example.net,(90-***-****,Conniemouth,1936
a04509f0231a1bf245597a8e9b292256715fe269f4060349c3fa1e36451250dd,ma****@example.com,001-***-****,Port Daniel,1962
d112702499dfba06ea3078bc88670b4942aa3814b73a74500f8da84851026347,as****@example.org,+1--***-****,New Christine,1961
cf1103f44d7f795e9122c0be03a067d5ff2bec4c7aadd06e3e81d4f9179ad0ee,ch****@example.net,206-***-****,Robinsonshire,1938
6d36c0da5feb02c04d0e3c7064c21a44de6c28e6f9a67825fd14b8dd435f07af,rt****@example.net,001-***-****,Crawfordmouth,1952
c8a10c3137274f947ac9cc975e9d127dfd540d7d025590bc4eced36554aeda84,zk****@example.com,220-***-****,East Michael,1939
a7d0dbe0292eb638d9099552142b26488795130a0042ecda8d421aae844ba7b4,al****@example.org,827-***-****,Franciscomouth,1970
19a57c92b758dc4b47dbbaf19a607402a3e0fe47d274cae916c973d6e4356d75,st****@example.org,847-***-****,West Karen,1946
30bd4e30d496036abf25af5e4d46947ff0353f6f8743d5dff63415a3d3f2945e,ro****@example.org,+1--***-****,South Jennifer,1986
5dfc4944e15c83418b115333263ae389fcb6af5283d5bd9ea9291dc65543d3b3,tf****@example.net,+1--***-****,Jonesview,1999
5c68075abe8dc918f08d18e72545f657517449bd7f77f7c157cdd7879c7dc60d,bs****@example.com,001-***-****,Christopherberg,1943
6e2462e8a7f918c58178d8cb54bbe6833ca22063112bd59d1e4cfd3ac35a9640,do****@example.net,495-***-****,FPO AP 35860,1942
f85d4d227a11d913a7efbdaafeac8dd05f3bb81549b5c4bda03e44897d8ecd50,ta****@example.net,001-***-****,DPO AE 93135,1947
90c6930c8ae04fcf018b2e0c3d2ada458d0c716db57a583d27bb38c418a59519,vc****@example.org,+1--***-****,Wilsonside,2004
47c20d43d9491d30c6cc2ccbcb8ae25f2ac99990a82c675a330eb8aea13fbcf5,ru****@example.net,+1--***-****,East Jessica,1965
b1f9683998f4d69f08af07ed73e096c5471448f98a49ba21047d850535045159,ch****@example.com,264-***-****,West Joseph,1974
f6672f4307bd75bef91f90ee7558f37a82d8363992a430e453b69b9819b6a593,ka****@example.com,+1--***-****,Nancybury,1949
8e7d4627ff1507745de98b3c5470259d26b04d71fcbcd328e5d1ef7607ac6c78,sh****@example.com,001-***-****,Port Stephaniehaven,1949
67d35194ecd4270b5dc3efb867c3fc30d68050a84a5afdadbb4716e69947b831,do****@example.org,001-***-****,APO AE 85023,1954
43b6849e6f8e504d7d3a92a300720c28942552a0040d2de745638868781ee5d5,mg****@example.net,+1--***-****,Johnsonville,1945
3249f9b6d65f38f15942035106b8a93030cd65c4de49576c6322ea60ab838ae6,df****@example.net,+1--***-****,Snyderfurt,1944
6aba220286b77bf4638312078ef4bd35c547a0783c76acd2ab8e63f2d4c2cc86,li****@example.org,483-***-****,Port Daniellemouth,1960
bf9310e874ed4751bed3813acb5520ab3390601d90a3f7c92a90b665c27c1b1d,br****@example.com,+1--***-****,East Alyssafort,1941
b5f947c533f2e4892fd05632fd608aad990e6555f9936c7ca577f38aa6492142,th****@example.org,+1--***-****,Dawnfort,1937
0fbf9754d37671ad459ec8bab0c022fa2e2f3976625167f166d62debc81a41bd,dd****@example.net,343-***-****,Romerobury,2001
f5611d5c98f2b1d658fc13e8fe19ea2831fda59081e1e9e16e6161cda1d82643,ch****@example.org,001-***-****,Floydborough,1995
2f8980ae85237f1a5da55d62aca962e41f8e6f77943e512f2cdb5ce1cbfd28c2,ns****@example.org,001-***-****,New Dianeshire,1955
b369333875f7f8158815d01cea204f8d0728a28d4ecea76e0eb43f9ad87897ce,al****@example.org,+1--***-****,Hardingview,1934
d8c2fc183546b4d0a52b14fd8eb4adf6d137555ad297f56a3136a61720313690,ka****@example.net,(81-***-****,Scottview,1968
76ff89bea31a5d9f997daea7679cd0fd69e11132ab46da4f6d4b4c45ac368426,an****@example.org,+1--***-****,South Lindsay,2006
8135c94212eaea26303b1b1c9c6d07a966b15401e077445dddbd37614372de99,gw****@example.net,567-***-****,New Marissa,1978
0c3ab4bcaf6241913c36ff8029a90a821eef8f8e4d48299918586ac7add4ef03,vc****@example.org,(34-***-****,South Raymond,1971
7406f072bdcfa7fec4899d168691f499d576beb62deada218e817d08308d1994,jw****@example.net,001-***-****,North Ronaldstad,1973
739ec522074bbc6b1b7cc30ef4596ccfc03c738a5dac2b2c53083294492a51bc,or****@example.com,324-***-****,New Crystal,1974
d03e4ed3b31fa59e4492a6b9949037b4ff6c78690fcdc1a9e13f1ef7607f4ed1,pw****@example.org,990-***-****,East Davidshire,1951
f01fe98ce1a40a2f63f6c781ae803900500d01dfd28be022cee3fa637248cf3d,mo****@example.org,351-***-****,Thomasport,1965
ecbdb0de6cb554942afd654c47e54478cacc62f614e40d00558ac6b41cb40433,je****@example.com,517-***-****,Lake Jeffreyborough,1959
1216762b9f4c615709d2ec1f8600b18db9e4f35b204a42e51c3d90cc8798c520,da****@example.com,+1--***-****,Anthonychester,1943
3406c220018e5e5bdaee6fee205d68d6cabc9179770be85c9fbd04cc9aea3d46,ni****@example.net,+1--***-****,Ericland,1954
01c67675b996147214b5864f2e61938f5be504fd2a01c79edcfb24421b5d8a02,ph****@example.org,507-***-****,North Nicholas,1971
452de56a1f838e6175d8344f55edd1b45130445b78ae571adc2a89b2bb85e21e,je****@example.com,735-***-****,Port Laurenport,1939
9d608078539a126a484ac1b6bdf921de6ddacc5604d61fa5aa43aa6cd49ba750,pa****@example.org,(41-***-****,Port Veronica,1937
c40e8b38c7830f87e6fe1d635dcabeaea701edfb9c1f3fdd774c744023e4d7dc,he****@example.net,581-***-****,Evansberg,1986
f1c5d3cbce665bf7bbba21889387c0ad9c9db8c6889ddbe6d2f0349608e52b1f,ja****@example.org,(44-***-****,New Kylemouth,1967
00e0aab39c440d730e5777be7fc1371f610f32ef3ac8f93e4f8efdf0f5be2eca,je****@example.com,(47-***-****,Gonzalezfort,1967
493b2223f9364a847e428b6f3f7f939b5b1b6736e5a0c1234561371d6ccd9d86,pa****@example.com,928-***-****,West Christineburgh,1998
d8cdc62526f08c51f6c8e011c9c667da2f19d196a835b3572b99a4e8644bc3be,le****@example.net,001-***-****,New Jennifer,1976
823f3328d9ba489078624c15332232dc43ef56f508b6c79ea3437c596fec7379,ga****@example.net,214-***-****,Lake Samantha,1958
d28aa62f4092e1baf2d46c901453507f76d7a87809133e7ff43b36ce99f32eb0,cl****@example.com,+1--***-****,South Briannaborough,1954
93ffa2c42bbd670bc7a4836186269caa6f606fe4867fecde1fc215517b489d9e,wa****@example.org,629-***-****,West Mariafort,1985
25eb624810b68e13b855ff184cd97d887c8e073b5d83a799699badf449513b7d,at****@example.net,001-***-****,Matthewmouth,1961
577939ea64d84ade2fb89c8e617b219e3b57d59f22404f628dad425ba5196161,qa****@example.com,(36-***-****,Mooremouth,2001
769707b8620d3cd3166710a82d9112ace63e052c247fddac94f70f0468cd1c22,ga****@example.org,001-***-****,Laurenview,1945
6d9e182c4d6f1808246c0087da451b4f260939b267ea4941d8511bc297d30084,ca****@example.net,697-***-****,South Ashley,1977
9991d6981efeb7a480677175e24e1fd120b571c94b5efdc1d61203fffcb44042,am****@example.net,210-***-****,Foxburgh,2006
97dc4b9bc7a25b31f17e869486d50501fc3ec846efe0e30401f462d3c7668942,qv****@example.net,+1--***-****,Acevedoport,1959
09ca14c9af5e1336fd3264889fc251bb9da74b258677a1e06788fb9d9b5a0386,sm****@example.org,+1--***-****,Sharonmouth,1945
6f02af6459c6b3cf8a2fa87862c44f604831c56b366d52ff66b320327bcf2c3f,rc****@example.com,+1--***-****,Lake Tammyland,1978
6f73150983a936e2c48403510e0d15d073e5607974e85fc307e2d71f3ba40ae8,mi****@example.net,+1--***-****,South Laura,1982
5459412aca25a87f1abb61ccd645cbe32b9179e04af10e7cee27c808d32effcc,da****@example.net,+1--***-****,Boonechester,1949
b5a03b359981032b854a99c72ed240fbc6b461a1aa8d51789bedcb2481cde536,st****@example.net,930-***-****,Keithmouth,1965
a6730f60f2d38bc7b2be18d215d7f3faa3901d1f0b3be00a0e5a83a01fe97aff,da****@example.net,594-***-****,West William,2001
e462190e2264a6ddf4bb03e6c13ff4028726baeda625986732d8b635737c40d2,st****@example.net,001-***-****,Elizabethburgh,1957
573b348243f2d14588c09d27f15783f6ea50c0dee676f7a03036d7937524ac3f,jo****@example.net,476-***-****,South Williamborough,1961
549b6107411e9b93fcb62e9bc4dda94be415b8ca8481bc56a8ca87448dc4a94a,jr****@example.net,(37-***-****,Maryton,1936
779ecf1676c47c5342c33d624a7d093a37951d37813ff9ef9843b9ede95c3324,vi****@example.net,+1--***-****,Kaylaview,1935
081cde72d741a38498b880a5c7fa12a6cb9cd2b4ff7388a3b0371375ac98e85f,jo****@example.net,219-***-****,Meyersview,1945
8b4418d1ea4cd28f5d6ef04481665c7418225861a252ef9b53f0eed27c82c3c5,kr****@example.org,317-***-****,Wangton,2005
4669e77a78027ba81d2f38e96256046d132df1724074ac4438a87a8da3545a54,ro****@example.org,+1--***-****,Lake Madison,1982
fd8d191aeeae0366af373b633e6c0d0e19774640b74d6a3c0462feef1a825296,gr****@example.org,841-***-****,West Alan,1952
caeb27e1bcdb0d1e9afc0520b22e62d360fdfa7afac26bf76a265a24d8cdafb3,si****@example.com,(80-***-****,New Timothychester,1960
99e49dea57a3b94b620081755da1d44b8b7eaf55c68a9d790716dbaa40ce7cd9,ma****@example.net,563-***-****,South Jordan,1942
bdce7f76b794f2fa3a06e0c6c984ec4247885cbea8854536a60d1608ed293d8d,br****@example.com,001-***-****,DPO AP 54471,1943
